<?xml version="1.0" encoding="UTF-8"?>
<Conifiguration status = "DEBUG"> 
	<Appenders>
		<Console name="Console" target="SYSTEM_OUT">
            <PatternLayout pattern="%d{HH:mm:ss.SSS} %-5level - %msg%n"/>
        </Console>
        <File name="LogToFile" fileName="logs/app.log">
            <PatternLayout>
                <Pattern>%d %p %c{1.} [%t] %m%n</Pattern>
            </PatternLayout>
        </File>
	</Appenders>
		<Loggers>
		<Logger name="com.productshopping" level="debug" additivity="false">
            <AppenderRef ref="LogToFile"/>
            <AppenderRef ref="Console"/>
        </Logger>
        <Logger name="org.springframework.boot" level="error" additivity="false">
            <AppenderRef ref="Console"/>
        </Logger>
        <Root level="error">
            <AppenderRef ref="LogToFile"/>
            <AppenderRef ref="Console"/>
        </Root>
		</Loggers>
	

</Conifiguration>